spam,"প্রিয়,								
কানাডাতে IELTS ছাড়া অ্যাপ্লাই করার ২৬ টা স্টাডি স্লট থেকে আপনার স্লটে অ্যাডমিশন পেতে আজকে 3pm-5pm এর মধ্যে আমাদের অফিস ভিসিট করুন।								
ঠিকানা: Wasa Circle (Beside SH Khan petrol pump), Chattogram.								
GIC Education								"
spam,"৳৯৯+অর্ডারে গিফট!	
কোডঃ 4V	
ডিম৳১৩৯	
চাল৳৬১	
তেল৳৮৯৫	
T&C	
chdl.co/MSBzirsV	"
spam,"ফ্লোর ক্লিনার ১লিঃ৳১৪৯	
মাসের বাজারে ছাড়	
কোড:CD2	
T&C	
chdl.co/pukKKgMF	"
spam,"ডিলে জাতীয় পতাকা৳৭১	
নগদ-এ ৳৭৫ক্যাশব্যাক	
গিফট কোডঃBD	
Chaldal.com/Free	"
spam,"সাশ্রয়ে ৩৪% পযর্ন্ত ছাড়ে	
ডায়াপার চালডাল-এ	
T&C*	
chdl.co/mhOqX0K	"
spam,আপনি 300 টাকা পেয়েছেন মেসেজ ওপশন এ গিয়ে লিখুন START NMZRR send 21213                                
spam,"বাংলা ও ইংলিশ মিডিয়ামের অভিজ্ঞ টিউটর খুঁজছেন?Tuition Aid 01601645145				"
spam,"আকর্ষণীয় ১৫% ছাড়* ৳১০০ পর্যন্ত! উপায় অ্যাপ দিয়ে বিডিটিকেটস এর পেমেন্ট করলেই নিশ্চিত ছাড়, সর্বোচ্চ ৳৩০০ প্রতি কাস্টমার।                                                        "
spam,"কোড: upay15		
ক্লিক করুনঃ onelink.to/j7rwyf		
বিস্তারিত জানতে কল করুনঃ ১৬৪৬০		
*শর্ত প্রযোজ্য		"
spam,Pureit RO ক্রয়ে ৩০০০ টাকা পর্যন্ত ছাড়! এছাড়াও থাকছে না কিনেই ১৫ দিনের ফ্রি ট্রায়াল অফার! কল করুন ১৬৬২৭ এ। শর্ত প্রযোজ্য**
spam,"আকর্ষণীয় ১৫% ছাড়* ৳১০০ পর্যন্ত! উপায় অ্যাপ দিয়ে বিডিটিকেটস এর পেমেন্ট করলেই নিশ্চিত ছাড়, সর্বোচ্চ ৳৩০০ প্রতি কাস্টমার।                                                        					"
spam,আরিফিন শুভ অভিনীত ভালো থেকো দেখুন  রবি স্ক্রিনে: cutt.ly/LlBFSZk
spam,"প্রতিদিনের ভাগ্য রাশিফল পেতে টিয়া পাখির কথা না শুনে *26397*6#  ডায়াল করে জেনেনিন আপনার রাশি,  চার্জ ৳২.৬৭ দৈনিক"
spam,এয়ারটেলে আপনার জন্য সেরা সব অফার পেতে *4# বা *123*3# ডায়াল করুন আজই।
spam,সুস্বাদু হিমসাগর ও ল্যাংড়া আম 🥭 গিফট বক্স!http://chaldal.com/fresh-fruit
spam,আলহামদুলিল্লাহ। আল্লাহ তায়ালার রহমতে এবং আপনাদের সকলের দোয়া নিয়ে সামনে এগোতে চাই। 🥰🥰🥰 একটা করে ভালোবাসা দিয়ে পাশে থাকবেন৷ ইনশাআল্লাহ 🙏🙏🙏🙏🙏🙏🙏
spam,"কর্ণফুলী এক্সপ্রেস কক্সবাজার শহরের উত্তর নুনিয়াছড়া (এয়ারপোর্ট রোড) বি আই ডব্লিও টিএ ঘাট থেকে প্রতিদিন নিয়মিত চলাচল করছে এম ভি কর্নফুলী এক্সপ্রেস জাহাজ টি। 🌊🛳️ কক্সবাজার টু সেন্টমার্টিন - সেন্টমার্টিন টু কক্সবাজার 🛳️🌊🚢 সম্পূর্ণ শীতাতপ নিয়ন্ত্রিত Karnafuly Express এর যাত্রা সময়সূচী: ⌚কক্সবাজার এয়ারপোর্ট রোড নুনিয়াছড়া বি আই ডব্লিও টি এ ঘাট থেকে ছাড়ে সকাল: ৭.০০ টায়।⌚সেন্টমার্টিন থেকে ছাড়ে বিকাল: ৩.৩০ মিনিটে।উভয় দিক থেকে গন্তব্যে পৌছতে সময় লাগবে ৫ ঘন্টা (+,-) ।🏖️ পর্যটকবাহী জাহাজের (জনপ্রতি আসা-যাওয়া) নতুন ভাড়ার তালিকা: 🏖️==========================💺রেগুলার ক্লাস ( Lavender) : ৩,০০০/-💺(শোভন ক্লাস চেয়ার (Marigold) : ৩,০০০/-💺বিজনেস ক্লাস (ডিলাক্স) চেয়ার ( Gladiolas) : ৪,০০০/-💺ওপেন ডেক চেয়ার ( Open Deck) : ৪,০০০/- 💺লিলাক লাউঞ্জ( Lelak Lounge) : ৪,০০০/-💺ভি আই পি লাউঞ্জ (Chrysanthemum Lounge) : ৪,৫০০/- 🛏সিঙ্গেল কেবিন( Single Cabin) : ৭,৫০০/- টাকা (১ জন এর জন্য প্রযোজ্য) 🛌টুইন বেড কেবিন (Twin Bed Cabin) : ১২,০০০/- (২ জন এর জন্য প্রযোজ্য) 🛌ভি আই পি কেবিন ( VIP Cabin) : ২০,০০০/-(২ জন এর জন্য প্রযোজ্য)🛌ভি ভি আই পি কেবিন (VVIP Cabin) : ২৮,০০০/- (২ জন এর জন্য প্রযোজ্য) শুধু যাওয়া বা আসা:-==============================💺রেগুলার ক্লাস ( Lavender) : ১,৬০০/-💺(শোভন ক্লাস চেয়ার (Marigold) : ১,৬০০/-💺বিজনেস ক্লাস (ডিলাক্স) চেয়ার ( Gladiolas) : ২,১০০/- 💺ওপেন ডেক চেয়ার ( Open Deck) : ২,১০০/-💺লিলাক লাউঞ্জ( Lelak Lounge) : ২,১০০/-💺ভি আই পি লাউঞ্জ (Chrysanthemum Lounge) : ২,৩০০/- 🛏সিঙ্গেল কেবিন( Single Cabin) : ৪,০০০/- টাকা (১ জন এর জন্য প্রযোজ্য)🛌টুইন বেড কেবিন (Twin Bed Cabin) : ৬,৫০০/-(২ জন এর জন্য প্রযোজ্য)🛌ভি আই পি কেবিন ( VIP Cabin) : ১১,৫০০/-(২ জন এর জন্য প্রযোজ্য)🛌ভি ভি আই পি কেবিন (VVIP Cabin) : ১৫,০০০/-(২ জন এর জন্য প্রযোজ্য)🚸 (প্রতিটি কেবিন ২ জন এর জন্য প্রযোজ্য, সিঙ্গেল কেবিনে ১জন প্রযোজ্য। অতিরিক্ত জনপ্রতি আলাদা টিকেট কেটে নিতে হবে)👪 শিশু পলেসি: ৫ বছর বয়স পর্যন্ত সম্পূর্ণ ফ্রি, ৫ বছরের বড় সকলকে টিকেট কাটতে হবে।🏠 অফিসঃ B-70,Sea beach R/A,Shugandha point,Cox's Bazar.For more details:01922287423."
ham,"ভাই, আপাতত দুইটার রেফারি হিসেবে জীবন তেজপাতা।"
spam,ইমরান ও ন্যান্সির এক পৃথিবী প্রেম ৭দিনের জন্য গুন্গুন্ সেট ক
spam,ফ্লোর ক্লিনার ১লিঃ৳১৪৯মাসের বাজারে ছাড় কোড:CD2 T&C chdl.co/pukKKgMF
spam,মোবাইল ব্যালেন্সে আনলিমিটেড সিনেমা দেখতে Subscribe: https://robi.epicon.in
spam,ডিলে জাতীয় পতাকা৳৭১ নগদ-এ ৳৭৫ক্যাশব্যাক গিফট কোডঃBD Chaldal.com/Free
spam,আমাদের প্রিয় নবী মুহাম্মাদ (সা.) কীভাবে পবিত্র জুম্মার দিনটি কাটাতেন জানতে ডায়াল করুন *213*14746# চার্জ ২.৬৭ টাকা/দিন।
ham,দিয়ে যা। বেকার আছি
spam,সাথেই থাকুন। *1122*10# ডায়েল করে পেয়ে যান 10 টাকা ব্যালেন্স ! ভ্যাট এবং সার্ভিস চার্জ প্রযোজ্য!
spam,"সুলতান'স ডাইনে ৩০% ডিস্কাউন্ট লুফে নিন এই মেসেজটি দেখিয়ে আগামী তিনদিনের মধ্যে, কমপক্ষে ৫০০ টাকার অর্ডারে টেকএওয়ে কিংবা ডাইনইনে। বিস্তারিতঃ 01407059983"
ham,যেগুলা বিয়ে করে নাই এদের কি হবে!!!😄
ham,আপু আমার মেয়ে আজকে শরীর খারাপ...  আমি কালকে যাবো
spam,"হেলথ্কেয়ার ফার্মাসিউটিক্যালস লিমিটেড এর অঙ্গপ্রতিষ্ঠান ‘শিলাইদহ ডেইরী’ আপনার প্রয়োজন পূরণ ও সুস্বাস্থ্য নিশ্চিত করতে বাজারে এনেছে খাঁটি দুধের ক্রীম থেকে তৈরি আল্ট্রা বাটার। পণ্য বাছাই এর সময় তাই পরিবারের জন্য হেলদি ও টেস্টি খাবার নিশ্চিত করুন স্বাদ ও মানে অনন্য আল্ট্রা বাটারের সাথে। আল্ট্রা বাটার - লেটস্ টেস্ট দ্যা বেস্ট।

আমাদের সম্পর্কে বিস্তারিত জানতে কিংবা অর্ডার করতে ভিজিট করুন- আল্ট্রা’র ফেসবুক পেজঃ https://cutt.ly/iEW25U8 ওয়েবসাইটঃ https://cutt.ly/JEW9fQl অথবা কল করুন ০১৮৪৪২৪৫২০৬ এই নম্বরে।"
spam,করোনা ভাইরাস থেকে বাঁচতে নানা টিপস পেতে ডায়াল করুন *213*14002# চার্জ ২.৬৭/দিন
spam,নেট এমবি থাক  বা  না থাক sms টা  সবাই কে পাঠাবেন কারণ আজ   প্রিও নবির  জন্মের  রাত
spam,"কুরআন পাকের ১৪৪১ বছর হয়ে গেছে ।  New Year   তো অনেক এই sms করেন দেখা যাক কুরআন পাকের  মুবারক কতজন  কে জানান"""
spam,ঈদ কবে হচ্ছে জানতে ডায়াল করুন 
spam,"২২ মার্চ ২০২৩ বিশ্ব পানি দিবস, এবারের প্রতিপাদ্য বিষয় “পানি ও স্যানিটেশন সংকট সমাধানে ত্বরান্বিত পরিবর্তন’’-পানি সম্পদ মন্ত্রণালয়।"
spam,"মাত্র ৫০০ টাকায় ইংরেজি কোর্স করতে ক্লিক করুন
 http://bit.ly/3IVA0tu"
spam,"২২ মার্চ ২০২৩ বিশ্ব পানি দিবস, এবারের প্রতিপাদ্য বিষয় “পানি ও স্যানিটেশন সংকট সমাধানে ত্বরান্বিত পরিবর্তন’’-পানি সম্পদ মন্ত্রণালয়।"
spam,*213*2843# ডায়াল করে জানুন সেলস/মার্কেটিং চাকুরীর খবর ২.৬৭ টাকা/দিন
spam,*213*22718# ডায়াল করে জানুন সরকারি চাকুরীর খবর ২.৬৭ টাকা/দিন
spam,প্রেম করা কেন গুনাহ জানতে ডায়াল করুন 
spam,"স্পেশাল অফার ১০জিবি(বোনাসসহ)১৩০টাকা ৩০দিন।ডায়াল *১২১*৫৪৬৯#, mygp.li/mo"
spam,শুধুমাত্র একটি ফোনের প্রয়োজন প্রতিদিন 1000TK আয় wa.me/8801797890449
spam,"‘জাতীয় দুর্যোগ প্রস্তুতি দিবস-২০২৩’ এর প্রতিপাদ্য
“স্মার্ট বাংলাদেশের প্রত্যয়
দুর্যোগ প্রস্তুতি সবসময়”
- দুর্যোগ ব্যবস্থাপনা ও ত্রাণ মন্ত্রণালয়"
spam,"স্মার্টফোন জেতার দুর্দান্ত অফার! সহজ প্রশ্নের উত্তর দিয়ে জিতে নিন ৩০,৯৯৯ টাকার আকর্ষণীয় স্মার্টফোন Samsung Galaxy M33 5G মাত্র ৳২.৬৭/দিন/প্রশ্ন,  ডায়াল *213*45644#"
spam,মজার এবং হাসির SMS জোকস পেতে ডায়াল করুন *213*4493#
spam,"স্মার্টফোন জেতার দুর্দান্ত অফার! সহজ প্রশ্নের উত্তর দিয়ে জিতে নিন ৩০,৯৯৯ টাকার আকর্ষণীয় স্মার্টফোন Samsung Galaxy M33 5G "
spam,মাইজিপি রেফার করে ৫১২এমবি ফ্রি ইন্টারনেট জিততে https://mygp.li/r2
spam,খণ্ডকালীন জব৷বেতন 1500 BDT/দিন৷ঘরে বসে কাজ :wa.me/8801768702573
spam,"ঘরে বসে রোজার বাজার
ডিস্কাউন্টকোড:RD2
গিফটকোড:6W
T&C
chdl.co/tt8tj8-7"
spam,পরপর দুটি জমজমাট ম্যাচ কি মিস করছেন? Binge-এর সাথে PSL-এ দেখুন Peshawar vs. Lahore দুপুর ৩টা  আর Islamabad vs. Multan এর ম্যাচ রাত ৮টায়  Sony Sports 5 HD-তে। ক্লিক- cutt.ly/T8UrmSh
spam,ফ্রি ২০০এমবি ইন্টারনেট নিতে আজই মাইজিপি অ্যাপে আসুন। ক্লিক: mygp.li/f1
spam,"ঘরে বসে রোজার বাজার
ডিস্কাউন্টকোড:RD2
গিফটকোড:6W
T&C
chdl.co/z5e57e66"
spam,"লুফে নিন পিওরইট RO ২৫০০৳ ছাড়ে, রেফারেই উপহার! বিস্তারিত/অপ্টআউট ১৬৬২৭*"
spam,"ইনশআল্লাহ A+ নিশ্চয়তায় ভর্তি চলছে
01760192958
bit.ly/3kh9CGC"
spam,"স্মার্টফোন জেতার দুর্দান্ত অফার! সহজ প্রশ্নের উত্তর দিয়ে জিতে নিন ৩০,৯৯৯ টাকার আকর্ষণীয় স্মার্টফোন  Samsung Galaxy M33 5G মাত্র ৳২.৬৭/দিন/প্রশ্ন,  ডায়াল *213*45644#"
spam,"মীনা বাজারে
তীর তেল ৮৮৫
প্রিঃগরুর মাংস ৭৩৯
ব্রয়ঃমুরগি(চাঃছাঃ)৪১৭
প্রিঃনাজিরশাইল ৭৩
প্রিঃচিনিগুঁড়া ১২০
খেজুর ৩৭০*
ছোলা ৮৫
বুট বেসন ১২০
পেঁয়াজ ৪৮*
বেগুন ৬৮*
লবণ ৩৭*
তরমুজ ২৭৫*
বিস্তারিতঃ t.ly/3RDj
০১৯৩৩১১৭৭৫৫
*শ/প্র-চট্টগ্রাম-২৫মার্চ.পর্যন্ত"
spam,৫০০০+ রেস্টুরেন্টে ফ্রি ডেলিভারি সাথে ডিলস এবং ডিসকাউন্ট তো থাকছেই। tinyurl.com/3md3wecd
spam,"আজই শেষ দিন ! ১৩০টাকায় ১৫০মিনিট(৩০দিন) সাথে বোনাস,নিতে*১২১*৫২০৫#  https://mygp.li/a0"
spam,"আজ রিচার্জে
২৯৭Tk-১৫GB+৩০০মি ৩০D/*123*297*1#
৯৮TK-৭GB+৬০মি ৭D/*123*098*1#
৬৮TK-৬GB ৩D/*123*068*1#
 বিকাশ/নগদ/উপায়/রকেটেও পাবেন"
spam,রমজান অফার! অ্যাপে ৳৫৯৮-৫০GB+ফ্রি Noor সাবস্ক্রিপশন(৩০দিন) cutt.ly/inr
spam,"DINNER45 দিচ্ছে ৪৫ টাকা ছাড় ১৯৯ টাকায়।		
DINNER105 দিচ্ছে ১০৫ টাকা পর্যন্ত ছাড় ২৯৯ টাকায়।		
অর্ডার করুন এখনিঃ tinyurl.com/3md3wecd		"
spam,আড়ংয়ের ঈদ কালেকশন এখন সকল আউটলেট এবং aarong.com এ। cutt.ly/E8S4qZv
spam,লম্বা ছুটিতে ঘুরতে যাওয়ার টিকেট কাটতে ক্লিক: bdtickets.com কল ১৬৪৬০
spam,"স্বদেশপল্লীর আকর্ষণীয় ঈদ-উল-ফিতর কালেকশন, এখন পাওয়া যাচ্ছে আপনার নিকটস্থ আউটলেটে! বিস্তারিত: https://cutt.ly/i8ZZmNI"
ham,গ্রামীণফোনের সিস্টেম উন্নয়নমূলক কাজ সফলভাবে সম্পন্ন হয়েছে। বর্তমানে রিচার্জ বা বিল পেমেন্ট সহ আমাদের সকল সার্ভিস আগের মতো চালু রয়েছে। গ্রামীণফোনের সাথে থাকার জন্য ধন্যবাদ।
ham,আমি ১০ তারিখ সকালে রওনা দিব।শান্তিনগরে ইস্টার্ন প্লাস একটা মার্কেট আছে যে?!ওটার উপরে উত্তরা ব্যাংকের ট্রেনিং ইন্সটিটিউট।ওখানে ট্রেনিং।মতিঝিল থেকে কাছে।
ham,এয়ারটেলে আপনার জন্য সেরা সব অফার পেতে *4# বা *123*3# ডায়াল করুন আজই।
ham,কোভিড-১৯ ভ্যাকসিন নিবন্ধন
ham,"প্রিয় গ্রাহক, আপনার নম্বরে ৮৫০.০ টাকা লোকাল বিল প্রদান করা হয়েছে |ধন্যবাদ |"
ham,তোরা সবগুলা আমার জন্য দোয়া কর।যাতে আমার বিয়েটা হয়।যেই ফাড়া লাগসে আমার।
ham,"স্যার [CK21252], আপনার সংযোগটির মেয়াদ শেষ হতে যাচ্ছে 2023-02-27 তারিখে। অনুগ্রহ করে বিল পরিশোধ করুন । বিকাশ: 01782 66 33 77"
ham,ল্যাপটপে রাখছিলাম কিনা মনে নাই।কিন্তু ল্যাপটপ তো বাসায়
ham,"স্যার, গ্রাহক আইডি CK21252 তে 1000.00 টাকা বিল প্রদানটি সফল হয়েছে। ধন্যবাদ"
ham,আল্লাহ বড় বাচা বাচাইছে তোকে।এটা ভেবে শুকরিয়া কর ❤️
ham,"প্রিয় গ্রাহক,03-MAR-2023 পর্যন্ত আপনার লোকাল বিল -1134.50 টাকা এবং রোমিং বিল  0  টাকা। অনুগ্রহ করে এর মধ্যে সমুদয় বকেয়া বিল পরিশোধ করে গ্রামীণফোনের সাথে থাকুন। অনলাইনে পেমেন্টে করতে ব্রাউজ করুন mygp.li/ib"
ham,সায়মার লাইফে এখন বস্তায় বস্তায় কংগ্রাচুলেশনস 😅😅😅
ham,"ট্যুর, কম্পিউটার ক্লাব সব ঝামেলায় পড়া হয় নি।আমাদের পরীক্ষাটা কাল না দিয়ে পরশু দিতে চাচ্ছি। আগামীকাল group স্টাডি করে এবং আপনার কাছ থেকে বিষয়টা ক্লিয়ার করে নিবো। আশাকরি,বিষয়টা দেখবেন।বিষয়গুলো ক্লািয়ার না করলে,পরীক্ষায় তেমন কিছু পারবো না।পরশু নিয়েন মেম, প্লিজ।"
ham,ম্যাম পরিক্ষা না নিতে বলসে রাহাতে সেটার উত্তর বলসে। কালকে পরিক্ষা নিবে না এটা বলে দিসে অলরেডি
ham,তুই কী সিওর আগামীকাল এক্সাম না?
ham,ডিপার্টমেন্ট থেকে কোনো ফিক্সড করা এসাইনমেন্টের জন্য কভার পেইজ আছে?নাকি নিজ থেকে বানাতে হবে?
ham,কেউ একটু বলো এখানে ৫ নাম্বারে ১ এর পরিপূরক কোনটারে করতাম?
ham,Lecture 1 এবং Lecture 2 তে আমার কিছু বিষয় এখনো ক্লিয়ার নাই।
ham,55 ব্যাচ এর সবাই 55 লিখা পিডিএফ টা ডাউনলোড করে ওইখানে ডান পাশে লিংকে যাবা.. প্রত্যেক টা কোর্সের জন্য আলাদা আলাদা ফরম আছে.. সবগুলো পুরণ করতে হবে...আর 44 ব্যাচের যারা আপনারা 44 লিখা পিডিএফ এ যাবেন আর সবগুলো লিংকে ঢুকে ফরমগুলো ফিল করবেন
ham,"হ্যালু,ম্যাম আসসালামুয়ালাইকুম।"
ham,তোমাদের কম্পিউটার ফান্ডামেন্টাল এক্সাম কখন হবে?
ham,"আসসালামুয়ালাইকুম ম্যাম, ম্যাথ গুলো এখন ও ভালো করে প্রিপারেশন নিতে পারি নাই ।"
ham,55 ব্যাচ এর সবাই 55 লিখা পিডিএফ টা ডাউনলোড করে ওইখানে ডান পাশে লিংকে যাবা.. প্রত্যেক টা কোর্সের জন্য আলাদা আলাদা ফরম আছে.. সবগুলো পুরণ করতে হবে...আর 44 ব্যাচের যারা আপনারা 44 লিখা পিডিএফ এ যাবেন আর সবগুলো লিংকে ঢুকে ফরমগুলো ফিল করবেন
ham,তুই কী সিওর আগামীকাল এক্সাম না?
ham,ডিপার্টমেন্ট থেকে কোনো ফিক্সড করা এসাইনমেন্টের জন্য কভার পেইজ আছে?নাকি নিজ থেকে বানাতে হবে?
spam,আসসালামু আলাইকুম আমার ছেলেটা খুবই অসুস্থ ওর চিকিৎসার জন্য সবাই সহায়তা করুন প্লিজ 🙏
spam,আলহামদুলিল্লাহ। আল্লাহ তায়ালার রহমতে এবং আপনাদের সকলের দোয়া নিয়ে সামনে এগোতে চাই। 🥰🥰🥰 একটা করে ভালোবাসা দিয়ে পাশে থাকবেন৷ ইনশাআল্লাহ 🙏🙏🙏🙏🙏🙏🙏
spam,ক্লিক করুনঃ onelink.to/j7rwyf বিস্তারিত জানতে কল করুনঃ ১৬৪৬০ *শর্ত প্রযোজ্য
ham,আফমির দোকানদারেরা অনেক ভালো
ham,"প্রিয় গ্রাহক, NPSB সিস্টেমে জরুরি কার্যক্রম পরিচালনার জন্য ইবিএলের সকল কার্ড সম্পর্কিত সেবা ০৬ জুলাই ২০২৩, রাত ১১:৫৯ টা থেকে ০৭ জুলাই ২০২৩, সকাল ৬:০০ টা পর্যন্ত বন্ধ থাকবে। সাময়িক এই অসুবিধার জন্য আমরা আন্তরিকভাবে দুঃখিত।"
ham,"সেহরি ও ইফতারে নিরাপদ ও সুষম খাবার গ্রহণ করুন। অস্বাস্থ্যকর ও অতিরিক্ত ভাজা-পোড়া খাবার পরিহার করুন। বাংলাদেশ নিরাপদ খাদ্য কর্তৃপক্ষ, খাদ্য মন্ত্রণালয়।"
ham,এভাবে মোবাইল পাব জীবনেও ভাবি নাই। এক মাস আগেও দুইটা মোবাইল হারাইছি
ham,প্রয়োজনীয় মনে হয়নি
ham,"আজকে আমি ভাই যে কাহিনী করছি। আজকে আমি আফমি প্লাজায় গেছি, সাথে ছেলেকেও নিয়ে গেছি। অনেক দোকান ঘুতে টুরে চলে যাব বাসায় তখন দেখি মোবাইল নাই। এবার সব দোকান চেক করে দেখি কোথাও মোবাইল নাই। দেন এক দোকানদার আমাকে আফমি প্লাজার টপ রুফে সেন্ট্রাল সিসি ক্যামেরা কন্ট্রোল রুমে গেছি, সব দোকান চেক করতে। তখন ক্যামেরায় দোকানে দেখা গেছে আমি মোবাইল নিয়ে Savee's by Tony দোকানে গেছি, বাট খালি হাতে আসছি। এরপর ওই দোকানে গেলাম ওরা সিসি ক্যামেরা দেখার জন্য রেডি, তখন আমি ওদের বললাম যে আমি যেখানে মিরর এর সামনে ড্রেস দেখতে ছিলাম সেখানে দেখতে চাইলাম, ওরা দেখতে দিলো। এরপর মোবাইল টা ভাই কাপড়ের সেল্ফ এর কয়েকটা কাপড়ের নিচে থেকে বের হইছে। মোবাইল টাও বন্ধ হয়ে গেছিলো।"
ham,নামাজ বেহেশতের চাবিকাঠি। 
ham,"কোভিড-১৯ ভ্যাকসিন নিবন্ধনঃ আপনার OTP কোড-651947 , ধন্যবাদ।"
ham,আলহামদুলিল্লাহ সব একই আছে।
ham,"কোভিড-১৯ ভ্যাকসিন নিবন্ধনঃ আপনার OTP কোড-004653 , ধন্যবাদ।"
ham,তোদের সাথে গত ফ্রাইডে মিট করার পর আমার ফার্স্ট রিয়েলাইজেশন
ham,সবার তো নরমাল ডেলিভারি হয় নাই।সবাইকে কষ্টটা কেমন সেটার এক্সপেরিয়ান্স জানাইলাম আরকি।ইন ফিউচার কাজে দিবে সবার।তুই সওয়াব পাবি।
ham,"প্রমোশনাল এসমএস না চাইলে *৭# ডায়াল করে চালু করুন ডু নট ডিসটার্ব সেবা, অন্যথায় চালু না করার অনুরোধ করা হলো : বিটিআরসি
"
ham,আমি এটাও ভুলে যাই
ham,এখন নাহিদা ডাকিস
ham,খেলাধুলার সর্বশেষ খবর পেতে ভিজিট করুন http://mysports.com.bd । ট্যাক্সসহ চার্জ ৩.৩৩ টাকা প্রতিদিন।
ham,আপনার প্রেমিকাকে পটানোর টিপস আমরা প্রোভাইড করবো
ham,সেরকম পাইনি এখন অব্দি
ham,ইবিএল থেকে কার্ডের PIN নম্বর ৪ থেকে ৬ সংখ্যায় উন্নীত/পরিবর্তন সংক্রান্ত ফোন কল করা হয় না। এ ধরনের প্রতারণামূলক ফোন কল থেকে সতর্ক থাকুন।
ham,"আপনার ইবিএল ক্রেডিট এবং ডেবিট কার্ডে সর্বনিম্ন ১০০০ টাকা QR ট্রান্সাকশনে উপভোগ করুন ১৫% ক্যাশব্যাক, সর্বোচ্চ ৫০০ টাকা, ৩০ জুন ২০২৩ পর্যন্ত।"
ham,এমন ম্যাসেজ কেউ দেয় না💔
ham,ভাই আমি সিউর ভবিষ্যতে আল্লাহ বাচ্চাকাচ্চা দিলে ডেলিভারির সময় কষ্টে কান্দার জায়গায় কথা মনে করে চিল্লাই উলটা হাসবো মনে হচ্ছে
ham,আমিও হাসতেই আছি
ham,এখন থেকে রবিতে আপনার বিশেষ অফারগুলো জানতে ডায়াল করুন *৮৮৮#
ham,বোনাস সহ ২৫জিবি-২০০টাকা-৭দিন। নিতে ডায়াল *১২১*৫৪৫৩# বা mygp.li/mo
ham,আমার গাল ব্যথা হয়ে গেছে অলরেডি
ham,"কোভিড-১৯ ভ্যাকসিন নিবন্ধনঃ আপনার OTP কোড-651947 , ধন্যবাদ।"
ham,ইতির এক্সাম্পল শুনে আমি হাসতেই আছি
spam,কুরবানি মজাদার রেসিপি SMS পেতে ডায়াল করুন *26397*94# চার্জ ৳২.৬৭দৈনিক
spam,এই দায়ভার তোদের।
spam,এন্ড্রয়েড ফোন পেতে এই লিংকে ক্লিক করুন!!
ham,ভাই তোরা বাচ্চাকাচ্চার মা হইছস কেম্নে! ঝাউরা গুলা
ham,আরেকটা বিষয় অনেক ভয়ানক লাগে।সেটা হইল বাচ্চা ডেলিভারির বিষয়টা।আমি শুনসি অনেক কষ্টের।
spam,"আপনার জন্য সুবর্ণ সুযোগ স্মার্টফোন জিতার!! সহজ প্রশ্নের উত্তর দিয়ে জিতে নিন ৩৩,৬০০ টাকার আকর্ষণীয় স্মার্টফোন  Oppo F21s Pro 5G মাত্র ৳২.৬৭/দিন/প্রশ্ন, ডায়াল *213*56565#"
spam,"আপনার জন্য সুবর্ণ সুযোগ স্মার্টফোন জিতার!! সহজ প্রশ্নের উত্তর দিয়ে জিতে নিন ৩৩,৬০০ টাকার আকর্ষণীয় স্মার্টফোন  Oppo F21s Pro 5G মাত্র ৳২.৬৭/দিন/প্রশ্ন, ডায়াল *213*56565#"
spam,চিরসবুজ বাংলা গান শুনুন এখনই StarMaker- রে আর কয়েন রিচার্জ করতে https://bit.ly/3XULpXy
spam,ভালোবাসার টিপস ও রিংটোন সেট
spam,Pureit
spam,"সুবর্ণ সুযোগ স্মার্টফোন জিতার!! সহজ কিছু প্রশ্নের উত্তর দিয়ে জিতে নিন ৩১,৯৯০ টাকার আকর্ষণীয় স্মার্টফোন  Realme 9 Pro, ডায়াল *213*40404#"
spam,ঘরের সকল কাজ করে দিবে একদম নিশ্চিন্তে!! সেবা পেতে আজই যোগাযোগ করুন আমাদের সাথে
spam,ওপেলিয়ার সকল আউটলেটে চলছে ২০% ছাড়!!
spam,খেলাধুলার সর্বশেষ খবর পেতে ভিজিট করুন http://mysports.com.bd । ট্যাক্সসহ চার্জ ৩.৩৩ টাকা প্রতিদিন।
spam,প্রেমের টিপস পেতে চাইলে এইসব ভুংচুং চাপুন
spam,সেরকম পাইনি এখন অব্দি
spam,আপনার ভালবাসার মানুষ্কে খুজে পেতে ডায়াল করুন 
ham,"ম্যাম, আমি এক্সাম দিয়েছি। অফিসের শিডিউলটা কমপ্লিট করতে পেরেছিলাম।"
spam,আপনি কী দক্ষ গৃ্হশিক্ষক খুজছেন???
ham,লাস্ট মোমেন্ট এ এক্সাম দিয়ে দিয়েছি।
ham,খে জমা দাও... ওরা সবাই ক্লাস টেস্ট দিয়েছে... লিখেও জমা দিয়েছে...
spam,"স্মার্টফোন জেতার দুর্দান্ত অফার! সহজ প্রশ্নের উত্তর দিয়ে জিতে নিন ৩০,৯৯৯ টাকার আকর্ষণীয় স্মার্টফোন Samsung Galaxy M33 5G মাত্র ৳২.৬৭/দিন/প্রশ্ন,  ডায়াল *213*45644#"
ham,তোমরা আমাকে গত কালকে সকালে বললেও হত
ham,এখন তো আর পসিবল না
ham,"আসসালামুয়ালাইকুম, ম্যাম      
parallel exam টা একটু সময় নিয়ে দিতে পারলে আমরা ভালো রেজাল্ট করতে পরব।"
spam,বাংলাদেশ সেনাবাহিনীতে কমিশন অফিসার হিসাবে ৯১তম বিএমএ দীর্ঘমেয়াদী কোর্সে যোগ দিন। ২৪ এপ্রিল ২০২৩ তারিখের মধ্যে অনলাইনে আবেদন করুন বিস্তারিতঃ https://joinbangladesharmy.army.mil.bd
spam,“ডায়াবেটিস রোগীগণ ডাক্তারের সাথে পরামর্শ করে রমজানের রোজা রাখুন”।-এনসিডিসি এবং
spam,"৮ এপ্রিল ‘বাংলাদেশ স্কাউটস দিবস’। ‘স্কাউটিং করবো, স্মার্ট বাংলাদেশ গড়বো’ থিমে দ্বিতীয়বারের মতো দেশব্যাপী উদযাপিত হচ্ছে এ দিবস।। সকলকে বাংলাদেশ স্কাউটস দিবসের শুভেচ্ছা"
spam,"“আজ ৭ এপ্রিল বিশ্ব স্বাস্থ্য দিবস। এবারের প্রতিপাদ্য “Health for All” যার বাংলা  ভাবানুবাদ করা হয়েছে “সবার জন্য স্বাস্থ্য”।-স্বাস্থ্য সেবা বিভাগ, স্বাস্থ্য ও পরিবার কল্যাণ মন্ত্রণালয়”।"
spam,০২ এপ্রিল ২০২৩ তারিখ ১৬তম বিশ্ব অটিজম সচেতনতা দিবস। এবারের প্রতিপাদ্য “রূপান্তরের অভিযাত্রায় সবার জন্য নিউরোবান্ধব অন্তর্ভুক্তিমূলক বিশ্বগঠন”- সমাজ কল্যান মন্ত্রণালয়।
spam,"‘‘০৬ এপ্রিল জাতীয় ও আন্তর্জাতিক ক্রীড়া দিবস""। এ বছরের প্রতিপাদ্য হলো ""স্মার্ট বাংলাদেশ, স্মার্ট ক্রীড়াঙ্গন, শেখ হাসিনার দর্শন।"" যুব ও ক্রীড়া মন্ত্রণালয়।"
spam,"“করলে জাটকা সংরক্ষণ-বাড়বে ইলিশের উৎপাদন“ ০১-০৭ এপ্রিল “জাটকা সংরক্ষণ সপ্তাহ-২০২৩’’ উদ্‌যাপিত হচ্ছে।  আসুন, আমরা জাটকা রক্ষা করে ইলিশ উৎপাদন বৃদ্ধি করি-মৎস্য অধিদপ্তর/মপ্রাম’’।"
spam,মাননীয় প্রধানমন্ত্রী শেখ হাসিনা ২৯ মার্চ ২০২৩ তারিখ সকাল ১০:৩০ টায় জাতীয় ভূমি সম্মেলন এবং ভূমি মন্ত্রণালয়ের ৭টি উদ্যোগ উদ্বোধন করবেন। ভিজিট করুন: land.gov.bd
spam,‘আপনার সন্তান ও আগামী প্রজন্ম
spam,জ্বালানি সাশ্রয় হোক তার জন্য'।
spam,"-হাইড্রোকার্বন ইউনিট, জ্বালানি ও খনিজ সম্পদ বিভাগ।"
spam,"২২ মার্চ ২০২৩ বিশ্ব পানি দিবস, এবারের প্রতিপাদ্য বিষয় “পানি ও স্যানিটেশন সংকট সমাধানে ত্বরান্বিত পরিবর্তন’’-পানি সম্পদ মন্ত্রণালয়।"
spam,“১৭ মার্চ ২০২৩ জাতির পিতা বঙ্গবন্ধু শেখ মুজিবুর রহমান এঁর ১০৩তম জন্মবার্ষিকী ও জাতীয় শিশু দিবসের শুভেচ্ছা-মহিলা ও শিশু বিষয়ক মন্ত্রণালয়”।
spam,রঙ বাংলাদেশ ও সাদাকালো-র ভাউচারে ২৫%ছাড়
spam,"হাই ভোল্টেজ ম্যাচে রিয়াল-ইন্টার,বাফার ফ্রি দেখতে - cutt.ly/YW4f6Wb"
spam,নীতি নাকি ক্যারিয়ার? জানতে দেখুন নিষিদ্ধ ফল Binge-এ! cutt.ly/6W1zgR4
spam,দেখুন সাড়া জাগানো থ্রিলার ওয়েব সিরিজ সদরঘাটের টাইগার cutt.ly/mWKUZTx
spam,*213*2843# ডায়াল করে জানুন সেলস/মার্কেটিং চাকুরীর খবর  চার্জ ২.৬৭ টাকা/দিন
spam,ফিফা বিশ্বকাপ উপলক্ষে লুফে নিন সুলতান'স ডাইন অ্যাপসে ১৫% ডিসকাউন্ট যেকোনো অর্ডারে সর্বোচ্চ ৫২৫ টাকা !!
spam,"দারাজ ইদ সেলে লুফে নিন ২০% পর্যন্ত ক্যাশব্যাক নগদ/বিকাশে, সাথে আছে মেগা ডিলস, হট ডিলস, মিস্ট্রি বক্স > https://click.daraz.com.bd/e/_CY9njh"
spam,"FastExGo নতুন শপে স্বাগতম,"
spam,সোফা কাভার সহ ঘর সাজানো সকল পন্যের উপর থাকছে বিশাল মূল্য ছাড় !!!
spam,"সেন্ট্রাল প্লাজা,Ctg.Call: 01329658739"
spam,আপনার ঈদ কেনাকাটা হোক নিশ্চিত ও নিরাপদ! Essentials ও Ophelia এর ঈদ কালেকশন এখন সকল শো-রুমে ও essentialsshop.com.bd তে Call:01797527238
spam,রবি অ্যাপে ১৫০টাকা পর্যন্ত মেগা ক্যাশব্যাক। কিনতে ক্লিক cutt.ly/rco
spam,মনা খারাপ!! পছন্দের গান খুজে পেতে ডায়াল করুন
spam,"IDP's Biggest Education Roadshow in Chattogram today! মিট করুন ৪৫ টিরও বেশি বিশ্ববিদ্যালয়ের (Australia, Canada, UK & USA) সাথে at Radisson Blu Chattogram Bay View আজ সকাল ১১টা থেকে সন্ধ্যা ৬টা পর্যন্ত। Sign up: http://ow.ly/2BAY50N8JCL বা কল করুন 01970082082_IDP Education"
spam,"হ্যালো .,কানাডিয়ান ইউনিভার্সিটি তে আপনার ভর্তি বিষয়ে আমার সাথে আজ কে অ্যাপয়েন্টমেন্ট আছে৷ঠিকানাঃ Wasa Circle (Beside SH Khan petrol pump), Chattogram.কোন প্রশ্ন থাকলে নক করুন, https://rrj.nu/2W5Oty1Eশারমিন, GIC Education."
spam,"প্রিয় ., 
মিঃ তাহমিদুল ৩০০০০CAD স্কলারশিপসহ কানাডার Lakehead University তে ভর্তি হয়েছে৷
https://rrj.nu/VucpYxnb 

আপনিও স্কলারশিপসহ ভর্তি হতে চাইলে আগামিকাল 3pm-5pm এর মধ্যে আমাদের অফিসে আসতে ভুলবেন না৷ 

ঠিকানাঃ Wasa Circle (Beside SH Khan petrol pump), Chattogram.
GIC Education. "
spam,"অভিনন্দন .!
আপনার প্রোফাইলটি কানাডিয়ান ইউনিভার্সিটিতে ভর্তির জন্য প্রি-সিলেক্টেড হয়েছে৷ 

মিঃ রাফির মতো আপনিও পেতে পারেন ৪০০০০ CAD পর্যন্ত স্কলারশিপসহ কানাডিয়ান ইউনিভার্সিটি ভর্তি হবার সুযোগ৷ 
https://rrj.nu/kFGj26Cd 
পরবর্তী প্রসেস শুরু করতে আমাদের সাথে দেখা করুন ১০ জানুয়ারী, 3pm-5pm এর মধ্যে৷ 

ঠিকানাঃ Wasa Circle (Beside SH Khan petrol pump), Chattogram.
GIC Education. "
spam,"তুরষ্কের বিখ্যাত Aygaz LPG এখন আপনার এলাকায়।
অর্ডার করুন- 09612090909
StopAd? SMS BVZI to 21242"
spam,"উপহার 2500 টাকা পেয়েছেন, চেক 213*26544#"
ham,"প্রমোশনাল এসমএস না চাইলে *৭# ডায়াল করে চালু করুন ডু নট ডিসটার্ব সেবা, অন্যথায় চালু না করার অনুরোধ করা হলো : বিটিআরসি"
spam,"৩৬%পর্যন্ত ছাড়ে বাবুর ডায়াপার
নগদ-এ৳৭৫ক্যাশব্যাক
T&C
chdl.co/nYSDqvCC"
spam,"মূল্যছাড়ে
শাক-সবজি
মাছ-মাংস
চাল-ডাল
ডিম-তেল
স্ন্যাকস
chdl.co/nY3qqtgf"
spam,"আসসালামু আলাইকুম।

চট্রগ্রামে আননিসা গ্যালারির ২য় শোরুম উদ্বোধন উপলক্ষে আকর্ষণীয় ছাড় এবং উপহার পেতে চলে আসুন আমাদের আউটলেট এ।

গ্র্যান্ড ওপেনিং: ১৭/১২/২০২২। সকালঃ ১১টা। সপ: A2 , লেভেল: 3, বালি আর্কেড, চকবাজার, চট্রগ্রাম।
Helpline: 01630536530
www.annisagallerybd.com"
spam,আপনার BondhuShondan IVR_Daily সার্ভিসটির সাবস্ক্রিপশন সম্পন্ন করতে দয়া করে এই 123 টি এসএমএস এ পাঠান।
spam,"[Pathao] বেশি অডার গরি জিতি লন কক্সবাজার ট্রিপ!
তাহলে আর দেরি কিসের? পাঠাও ফুড-এ মি লাইকি রেস্টুরেন্ট চকবাজার ব্রাঞ্চ থেকে বেশি বেশি অর্ডার করে জিতে নিন কক্সবাজার ট্রিপ! 
এখনই অর্ডার করুন: https://cutt.ly/J1xS6vD *শর্ত প্রযোজ্য"
spam,"৳৯৯ ডিম আজই শেষদিন
তেল ৳৯৫৯
Y25 কোডে ৳২৫ মূল্যের গিফট
Chaldal.com/FREE"
spam,"৩ জিবি ৯৮ টাকা, মেয়াদ ৩০ দিন। শুধুমাত্র মাইটেলিটক অ্যাপে।"
spam,এই ইদে ইবিএল কার্ডে উপভোগ করুন আকর্ষণীয় ট্র্যাভেল ও টুরিজম অফার! বিস্তারিত: https://ebl.com.bd/Eid-Offers-2023#travel শর্ত প্রযোজ্য
spam,"কোরবানির জন্য পছন্দের পশুটি কিনুন নির্বিঘ্নে, আপনার ইবিএল কার্ড দিয়ে! বিস্তারিত জানতে ভিজিট করুন: https://ebl.com.bd/Eid-Offers-2023#cattle  শর্ত প্রযোজ্য।"
ham,"প্রিয় আপু আসসালামু আলাইকুম। আগামী ২৩/১২/২০২২ কসবাউবি প্রথম রিইউনিয়ন অনুষ্ঠানে আপনাকে স্বাগতম। অনুষ্ঠানে যোগদানের জন্য আমাদের পাঠানো এই এসএমএস টি অবশ্যই সঙ্গে করে নিয়ে আসবেন। 
বিঃদ্রঃ- কোন বাচ্চা ও অতিথি গ্রহণযোগ্য নয়।
ধন্যবাদ।"
ham,ইন শা আল্লাহ
ham,মন খারাপ করিস না.... আমাদের সবার একসাথে আসবে ইনশাআল্লাহ
ham,"কোভিড-১৯ ভ্যাকসিনঃ ফারিবা তাসনিয়া খান, ৩য় ডোজ গ্রহণের তারিখঃ ২১-০৪-২০২২, কেন্দ্রঃচট্টগ্রাম মেডিকেল কলেজ হাসপাতাল(টিকা কার্ড ডাউনলোড করে সঙ্গে নিয়ে আসতে হবে)"
spam,KFCপপকর্ন পিৎজা এখন সানডে স্পেশালে! ১টি কিনলে ১টি ফ্রি! pizzahutbd.com
spam,প্রতিদিনের খবর এসএমএস এ পেতে ডায়াল করুন *26397*1# চার্জ ৳২.৬৭ দৈনিক
spam,"ছবি, ভিডিও, মিউজিক- মোবাইলের সব ডাটার ব্যাকআপ রাখুন My Drive-এ। আজই ডাউনলোড করুন: https://cutt.ly/MyDrive"
spam,করোনা ভাইরাস থেকে বাঁচতে নানা টিপস পেতে ডায়াল করুন *213*14002# চার্জ ২.৬৭/দিন
ham,আমার কলেজ লাইফের ফ্রেন্ড।সম্ভব হলে হেল্প করিস তোরা।
ham,Facebook-এ দুই-ধাপ বিশিষ্ট যাচাইকরণের জন্য 799199 ব্যবহার করুন৷
spam,সাথেই থাকুন। *1122*10# ডায়েল করে পেয়ে যান 10 টাকা ব্যালেন্স ! ভ্যাট এবং সার্ভিস চার্জ প্রযোজ্য!
ham,আপু আমার মেয়ে আজকে শরীর খারাপ...  আমি কালকে যাবো
ham,আমাকেই এখনো একজনের পালা লাগে।আম্মু সকালে উঠে নাস্তা বানায়।আমার টিফিন রেডি করে দেয়।তারপর স্কুলে যায়।আর আমি ঘুম থেকে উঠে খালি রেডি হই।তাতেই আমার লেইট হয়ে যায়।
spam,ইমরান ও ন্যান্সির এক পৃথিবী প্রেম ৭দিনের জন্য গুন্গুন্ সেট ক
spam,তোমায় যদি-বুশরা শাহরিয়ার গানটি Airteltune সেট করতে dial *22788*951#
spam,মোবাইল ব্যালেন্সে আনলিমিটেড সিনেমা দেখতে Subscribe: https://robi.epicon.in
spam,প্রিয়জনের মুখে হাসি ফুটানোর বার্তা পেতে ডায়াল  করুন *213*820# চার্জ ২.৬৭ টাকা/দিন
spam,"আলী আকবর  (মিন্টু)  ভাইয়ের সালাম নিন, জনগনের  সেবা করার সুযোগ  দিন।"
spam,"হেলথ্কেয়ার ফার্মাসিউটিক্যালস লিমিটেড এর অঙ্গপ্রতিষ্ঠান ‘শিলাইদহ ডেইরী’ আপনার প্রয়োজন পূরণ ও সুস্বাস্থ্য নিশ্চিত করতে বাজারে এনেছে খাঁটি দুধের ক্রীম থেকে তৈরি আল্ট্রা বাটার। পণ্য বাছাই এর সময় তাই পরিবারের জন্য হেলদি ও টেস্টি খাবার নিশ্চিত করুন স্বাদ ও মানে অনন্য আল্ট্রা বাটারের সাথে। আল্ট্রা বাটার - লেটস্ টেস্ট দ্যা বেস্ট।

আমাদের সম্পর্কে বিস্তারিত জানতে কিংবা অর্ডার করতে ভিজিট করুন- আল্ট্রা’র ফেসবুক পেজঃ https://cutt.ly/iEW25U8 ওয়েবসাইটঃ https://cutt.ly/JEW9fQl অথবা কল করুন ০১৮৪৪২৪৫২০৬ এই নম্বরে।"
spam,ESSENTIALS & OPHELIA এর সকল শোরুমে ন্যূনতম ৩০০০ টাকার পন্য ক্রয় করলেই পাচ্ছেন মেম্বারশিপ কার্ড! যে কার্ডে উপভোগ করবেন আজীবন 10% ছাড়!
spam,"ডিম🥚৳৫৯!
হিমসাগর🥭 ৳৭৯/KG!
মাল্টা🍊৳১২৯/KG!

Chaldal.com/top-items"
spam,"সুস্বাদু হিমসাগর ও ল্যাংড়া আম 🥭 গিফট বক্স!

Chaldal.com/fresh-fruit"
spam,"পবিত্র ঈদকে সামনে রেখে আপনার প্রিমিয়াম লাইফস্টাইল ব্র্যান্ড স্ট্রাইপে চলছে ""স্ট্রাইপ ঈদ ফেস্ট"", পাচ্ছেন ২০% পর্যন্ত ছাড়! আজই শপিং করুন www.stripe.clothing থেকে।"
ham, হল আপনার Google যাচাইকরণ কোড৷
ham,"শুভ জন্মদিন নানী.. অনেক অনেক ভাল থাক, সুস্থ থাক.. ভালবাসা রইল.. 
শ্রাবন্তী..  "
spam,"ইসলামী ব্যাংক আপনার সেবায় এখন চট্টগ্রামের টেরিবাজারে,আপনি আমন্ত্রিত।
StopAd? SMS SWRL to 21242"
ham,তোর ফোন বন্ধ। কোন সমস্যা?
spam,আজ আড়ং এর বর্ষপূর্তি উপলক্ষে চলছে বিশাল ডিস্কাউন্ট। লুকে নিন সব আকর্ষণীয় উপহার। নিচের লিংকটি ক্লিক করে জিতে নিন এখনই। 
spam,ভালোবাসার রঙে জীবন সাজাতে ডায়াল করুন *213*29363# চার্জ ৳২.৬৭/দিন।
spam,প্রিয়জনকে ভালবাসি বলতে ডায়াল করুন *213*1533# চার্জ ৳২.৬৭/দিন
spam,প্রিয়জনদের খুশী করার টিপস পেতে ডায়াল *213*1468# চার্জ ৳২.৬৭/দিন
spam,জিতে নিন আই ফোন। এখনই এই লিংকে ক্লিক করে জেনে নিন বিস্তারিত 
spam,অভিনন্দন।  আপনি বিকাশের নিয়মিত ব্যবহারকারী হিসেবে বিকাশের স্পেশাল কাস্টমার হিসেবে নির্বাচিত হয়েছেন। আপনি বিকাশ থেকে পেতে যাচ্ছেন দুই লক্ষ টাকা । জানতে এখনই ডায়াল করুন 
spam,‘‘১২ মে আন্তর্জাতিক নার্স দিবস। এবারের প্রতিপাদ্য-আমাদের নার্সঃ আমাদের ভবিষ্যৎ”।
spam,“বস্ত্র অধিদপ্তরাধীন সরকারি টেক্সটাইল ইঞ্জিনিয়ারিং কলেজসমূহে বি.এসসি. ইন টেক্সটাইল ইঞ্জিনিয়ারিং কোর্সে অনলাইনে শিক্ষার্থীদের ভর্তির আবেদন গ্রহণ চলছে” বিস্তারিত www.dot.gov.bd
spam,থ্যালাসেমিয়া রোগ  থেকে বাঁচতে বিয়ের আগে রক্ত পরীক্ষা করিয়ে নিন । রোগী ও বাহক কিংবা বাহকে বাহকে বিয়ে নয়-বাংলাদেশ থ্যালাসেমিয়া সমিতি।
spam,ডিলে মরটিন অ্যারোসল৳২৫৯বিফ৳৭৯৯চাল৳৫৬🎁কোডঃ FNT&Cchdl.co/vYWZmxri
spam,অফার! অফার!! অফার!!! আজ আড়ং এর ২০ বছর পুর্তি উপলক্ষে স্পেশাল অফার। লিংক্টিতে ক্লিক করুন এবং বুঝে নিন আকর্ষণীয় পুরষ্কার। 
spam,ডিলে টয়লেট ক্লিনার ৳৬৯৳ ৯৯+ বাজারে ৫টি গিফটঃ WR T&C chdl.co/1k37U8dp
spam,১০জিবি+১০০মিনিট+৫০SMS@২০৯ টাকা/৩০ দিন; অফার পেতে ডায়াল করুন*১১১*১০৭#
spam,৩৫০মিনিট+২জিবি+২০SMS@২২৪ টাকা /৩০ দিন; অফার পেতে ডায়াল করুন*১১১*১০৮#
spam,বিকাশ অ্যাপ থেকে নিজ নাম্বারে ৳৬০ রিচার্জ করলেই ৳২০ ক্যাশব্যাক! TCA
spam,কুইক লোনে রেজিস্ট্রেশন করতে ডায়াল *8811*005# এবং জরুরী মুহূর্তে নিশ্চিন্তে পেয়ে যান লোন
spam,"২৬জিবি ৩০৯টাকা,মেয়াদ আনলিমিটেড।অফার পেতে ৩০৯টাকা রিচার্জ/ডায়াল*১১১*৩০৯#"
spam,"২৭ জুন ‌আন্তর্জাতিক এমএসএমই দিবস। মাইক্রো, ক্ষুদ্র ও মাঝারি শিল্পের পৃষ্ঠপোষকতা করে ২০৪১ সালের মধ্যে একটি উন্নত সমৃদ্ধ দেশ গঠনে অবদান রাখুন। এসএমই ফাউন্ডেশন, শিল্প মন্ত্রণালয়।"
spam,বাংলাদেশ বিমান বাহিনীতে ৮৯ বাফা কোর্সে অফিসার ক্যাডেট নিয়োগ চলছে। বিস্তারিতঃ https://joinairforce.baf.mil.bd
spam,"আসুন পরিচ্ছন্ন চট্টগ্রাম গড়ি।
ঈদ মোবারক
মোঃ রেজাউল করিম চৌং
মেয়র, চসিক
StopAd? SMS WHVK to 21242"
spam,*213*18389# ডায়াল করে জানুন সেলস/মার্কেটিং চাকুরীর খবর  চার্জ ২.৬৭ টাকা/দিন
spam,"৩৫৳ পিয়াজ কিনতে ডাউনলোড করুন
ln.run/F-3-w
ফ্রি ডেলিভারী 
প্রথম বার"
spam,ঈদের আগেই GKK লাইফ চেক করে অর্ডার করুন। বিস্তারিত/অপ্টআউট ১৬৬২৭-TCA* 
spam,এই ঈদে সবার জন্য পিওরইট RO তে চলছে ২৫০০৳ ছাড়! বিস্তারিত/অপ্টআউট ১৬৬২৭*
spam,"বিটিআরসি অফিস এখন নতুন ঠিকানায় নিজস্ব ভবনে, প্লট: ই-৫/এ, আগারগাঁও প্রশাসনিক এলাকা, শেরে-বাংলা নগর, ঢাকা-১২০৭"
spam,"প্রিয় গ্রাহক, আপনার এলাকায় রবি 4.5G ইন্টারনেট এখন আরও বেশি শক্তিশালী। আজই এক্সপেরিয়েন্স করুন দ্রুত গতির ইন্টারনেট।। আকর্ষণীয় সব অফার কিনতে ডায়াল করুন *৮৮৮#। কোনো মতামত বা অভিযোগ জানাতে ব্যবহার করুন মাই রবি অ্যাপ https://cutt.ly/Vwqu8c6C"
spam,ঈদ মোবারক! নিউ হিমাচল ট্রাভেলসের  ঢাকা-নাটোর-রাজশাহী-ঢাকা রুটের ঈদের টিকেট এখন অনলাইনে পাওয়া যাচ্ছে। টিকেট ক্রয় করতে ক্লিক করুন : newhimachaltravels.com অথবা bdtickets.com কল: ১৬৪৬০
spam,"দারাজে ঈদ উৎসবে ফ্রি ডেলিভারি🚚💨 সাথে আছে বিকাশে ৳২৫০ ক্যাশব্যাক, মিস্ট্রি বক্স ও হট ডিলস > ক্লিক https://click.daraz.com.bd/e/_C69OCr"
spam,"ঈদ কেনাকাটা হোক এবার ডায়মন্ড ওয়ার্ল্ডের সাথে, উপভোগ করুন ডায়মন্ড গহনায় ২৫% ও গোল্ড মজুরীতে বিশাল ছাড়। ০১৭১৩১৯৯২৭০"
spam,দারাজে ৳২৫০ বিকাশ ক্যাশব্যাক🥳ঈদ উৎসব🎁মিস্ট্রি বক্স+হট ডিলস > ক্লিক https://click.daraz.com.bd/e/_CY8qr9
spam,ESSENTIALS ও Ophelia এ চলছে নির্দিষ্ট পণ্যে ৫০% ছাড়! এক্ষুনি চলে আসুন৷
spam,মি. নূরের মত ২০২৩ ইনটেকে কানাডাতে যাবেন যেভাবে https://gic.im/noor/
spam,Morning! আজ ২০২৩ এর লাস্ট ইনটেকে প্রসেস শুরু করতে 3pm-5pm এর মাঝে আমাদের অফিস ভিসিট করুন: https://gic.im/ec - GIC Edu
spam," up to ১৭,০০০CAD স্কলারশিপে ২০২৩ এর শেষ ইনটেকে apply করতে ৩ জুন 3pm-5pm এর মাঝে আমাদের Free counselling সেশনে জয়েন করুন https://gic.im/ec"
spam,"অভিনন্দন। আপনি বছরজুড়ে ফ্রি সর্বোচ্চ২৬জিবি পাবেন, সাথে ১ম ৩মাস BINGE সাবসক্রিপশন ফ্রি। অফারটি পেতে ৩০মিনিট পরে ডায়াল *২১২৯১*২১#"
spam,"আপনার ইবিএল ক্রেডিট এবং ডেবিট কার্ডে সর্বনিম্ন ১০০০ টাকা QR ট্রান্সাকশনে উপভোগ করুন ১৫% ক্যাশব্যাক, সর্বোচ্চ ৫০০ টাকা, ৩০ জুন ২০২৩ পর্যন্ত।"
spam,এই ঈদে সেরা অফারে মোবাইল কিনুন Pickaboo থেকে! https://cutt.ly/Awttr5dc
ham,ইবিএল থেকে কার্ডের PIN নম্বর ৪ থেকে ৬ সংখ্যায় উন্নীত/পরিবর্তন সংক্রান্ত ফোন কল করা হয় না। এ ধরনের প্রতারণামূলক ফোন কল থেকে সতর্ক থাকুন।
spam,"চাল৳৬০
ডিম৳১৪৯
চিনি৳১৪০
মাল্টা৳২২৯
🎁গিফট কোড:C2
T&C
chdl.co/yk708WVj"
spam,"সাশ্রয়ে বাজার!
চাল৳৬০
আলু৳৩৯
মুরগী৳২৬৯
🎁কোড: 5L
T&C
chdl.co/VLp4o1wx"
spam,"সাশ্রয়ে ঈদ বাজার🌙
৫লি রূপচাঁদা তেল ৳৮৯৯
কোড: 1W
T&C
chdl.co/81klM2yX"
spam,"Lotto প্রিমিয়াম কোয়ালিটি লোফার সুজ, দারাজে এখন ৫৭% ডিস্কাউন্টে ডেলিভারি চার্জসহ মাত্র ৩১২টাকায়, অর্ডার করার জন্য নিচের লিংকে ক্লিক করুন-👇"
spam,"অস্থির বাজারে, স্বস্তির অফার 🥰😇

(৭৬ টাকায় ১ কেজি আলু,১ কেজি পিয়াজ,১/২ কেজি শশা🔥 বিকাশ ক্যাশব্যাক এরপর)

ঢাকার জন্য👇

আধাকেজি শশা মাত্র ১১ টাকা 😱 https://click.daraz.com.bd/e/_CZIXHP


১ কেজি আলু ১৯ টাকা ~
https://click.daraz.com.bd/e/_CWi1F3

১ কেজি পেয়াজ ২৯ টাকা ~
https://click.daraz.com.bd/e/_CXOOXX

❄️❄ডেলিভারি চার্জ ফ্ল্যাট ২৫ টাকা।

💥পেয়াজ বর্তমান বাজার মুল্য ৭০-৮০৳ টাকা 
💥আলু বর্তমান বাজার মুল্য ৪০ টাকা
💥বিকাশ ১০% ক্যাশব্যাক তো  আছেই
(৭৬ টাকায় ১ কেজি আলু, ১ কেজি পিয়াজ আর আধাকেজি শশা ৩ টি আইটেম এক সাথে  অর্ডার করুন বাজারমূল্য থেকে অনেক কম দামে)"
spam,"কোপ দেন ৫০% অফে এয়ার ফ্রেশনার - 

https://click.daraz.com.bd/e/_CUvX0N

🍁2 টা Add To Cart করে অর্ডার দিলে আরো  ৪০ টাকা  ডিসকাউন্ট পাবেন। ১৫% ভাউচার কালেক্ট করে নিবেন।   বিকাশ পেমেন্টে ১০% ক্যাশব্যাক  তো আছেই।"
spam,"১৪ টাকায় ২৩ মিনিট, ৩ দিন(২৪ ঘন্টায় একবার)। অফার পেতে ১৪ টাকা রিচার্জ করুন।"
spam,💢অর্ডার করার আগে অবশ্যই ডিস্কাউন্ট ভাউচার কালেক্ট করে নিবেন তাহলে এ দামে পাবেন।
spam,"গরমে আরাম করে পরতে পারবেন এমন কয়েকটি কিমোনো দেখে নিন এই পোস্টে। সাইজ এভেলেবল আছে। স্টক শেষ হওয়ার আগেই অর্ডার কনফার্ম করে ফেলুন। 

আমাদের শোরুম এর ঠিকানাঃ
পান্থপথ, স্কয়ার হাসপাতাল এর উল্টো দিকে, সুন্দরম প্লাজা, ২য় তলা,ঢাকা, বাংলাদেশ
শোরুম খোলা সপ্তাহে প্রতিদিন, সকাল ১১টা থেকে রাত ৮ টা পর্যন্ত।

অনলাইনে অর্ডারের ক্ষেত্রে স্ক্রিনশট নিয়ে পেইজে ইনবক্স করুন দিন বা রাতের যে কোনো সময়। আমাদের ম্যাসেজ রিপ্লাই টাইম সকাল ৯টা থেকে সন্ধ্যা ৬টা। Saturday- Thursday

#abayaandgown #kimono #koti #borkha #khimar #gown #kurti #hijab #modesty #comfortP"
spam,আকর্ষণীয় পুরষ্কার জিততে নিচের লিংকে ক্লিক করুন
spam,"আপনি জিতেছেন ৫০,০০০ টাকার লটারি। রেজিষ্ট্রেশন করতে ২০০ টাকা বিকাশ করুন এই নাম্বারে"
ham,এখান থেকেও পড়তে পারেন বই থেকেও পড়তে পারেন
ham,বইয়েও আছে পাইপ লাইনের পারফরম্যান্স টা
ham,আপনাদের যেটা সুবিধা লাগে পড়েন
ham,না ম্যাম।
ham,তাড়াতাড়ি এসে ঠিক করে দাও না হয় ফেইল আসবে
ham,তোমাদের মধ্যে একজন ল্যাব কার্ডে নাম লিখ নাই
ham,স্টুডেন্ট না গেলে টিচাররা ক্যাম্পাসে কষ্ট করে এসে কি করবেন
ham,এমনিতে Fee ২৫০ টাকা।
ham,না দিলেও সমস্যা নাই।
ham,"তোমরা যদি ক্লাসে আসো আমাকে জানাইও
আমার সকালে কিছু কাজ আছে
তোমরা যদি ক্লাস না কর আমি একটু লেইট করে যাব কালকে
সো কালকে ক্লাস করতে চাইলে আমাকে বলে দাও
আর যদি না কর সেটাও বলে দাও"
ham,আমি ঈদের আগে লাস্টদিন অফিস থেকে আসার সময় রিস্কা সহ উল্টায় পড়ে গেসি।গাড়ির ধাক্কায়।আল্লাহ অনেক বড় এক্সিডেন্ট থেকে মাফ করসে আমাকে।
ham,আল্লাহর কাছে প্রত্যেকটা মুহুর্তে আমাদের শুকরিয়া আদায় করা উচিৎ।
ham,কেমন জানি খুব খারাপ লাগতেসে আমার
spam,নগদের নতুন গ্রাহক হিসেবে আপনাকে অভিনন্দন। নগদে নতুন গ্রাহকদের দেওয়া হচ্ছে অনেক অনেক আকর্ষণীয় গিফট। রেজিষ্ট্রেশন করতে আপনার নাম ও পাসওয়ার্ড লিখে এই নাম্বারে পাঠিয়ে দিন। যত তাড়াতাড়ি রেজিষ্ট্রেশন তত তাড়াতাড়ি পুরষ্কার। এই সুযোগ সীমিত সময়ের জন্য। 
spam,"আজই শেষ দিন! ৭৫মিনিট  ৪৫টাকা (৩০দিন), ডায়াল *১২১*৫১০১#"
spam,"আজই শেষ দিন! ৩৫জিবি+৮০০মিনিট-৬০০টাকা-৩০দিন(বোনাসসহ), নিতে *১২১*৫২৬২# বা mygp.li/a8"
spam,সীমিত সময়ের অফার! ৪০জিবি (বোনাসসহ) ৫০০টাকা ৩০দিন।ডায়াল *১২১*৫০৪৯# বা mygp.li/mo
spam,গ্রামীণফোনে রিচার্জ এখন খুবই সহজ। ক্লিক https://gp.mygp.li/lt
spam,৭০টি টিভি চ্যানেল দেখুন সম্পূর্ণ ফ্রি cutt.ly/ewuSZMvR
spam,সীমিত সময়ের অফার! এই নাম্বারে ৫০ টাকা বিকাশ করে লটারি কিনুন আর জিতে নিন আকর্ষণীয় পুরষ্কার। 
spam,"৯৯+BOGO
মাসের বাজারে
ফ্রি অফার সাথে উপহার
কোডঃJ6
T&C
chdl.co/b_zW7r8b"
spam,আজ শেষ দিন! বিকাশ অ্যাপ থেকে নিজ নাম্বারে ৳৬০ রিচার্জে ৳২০ ক্যাশব্যাক!
spam,"৩০জিবি ৩৪৪ টাকা, ৩০দিন। অফার পেতে ৩৪৪ টাকা রিচার্জ/ডায়াল করুন*১১১*৩৪৪#"
spam,"৪৭৭ মিনিট, ৩০ দিন। অফার পেতে ২৮৭ টাকা রিচার্জ/ডায়াল করুন করুন*১১১*২৮৭#"
ham,আম্মা অনেক ধৈর্যশীল মহিলা বলে পালতে পারসে।আমার মত সেকেন্ড কোনো কপি হইলে তো আমি পাগল হয়ে যাব।
ham,এর আগেরটা কেউ ফিলাপ করে নাই
ham,তোদের ফ্রেন্ডদেরকে বল
ham,"আরশি জীবনে গাড়িতে ঠেলা, কোলে নিয়ে হাটা ছাড়া ঘুমাতো না।  আমি ছড়া বলতে বলতে মুখে ফেনা আসা টাইপ অবস্থা হতো এই বেটি তখনো বলেই যেত 'মিম্মি এটা বলো! ঐতা! ' 😐"
ham,সে যে কি কি চুপচাপ খেয়াল করে ফেলে অনেকসময় আমরাও পরে যখন আমাদেরকে বলে তারপর বুঝতে পারি
ham,আমার নামটা বাচ্চাদের মুখস্ত করার জন্য কঠিন।ওরে ইজি করে নাম বল।
ham,পাওয়া গেলে ২ কার্ল্প্রিটকে।পরেরবার দেখা হইলে ওরে সরি বলবি তোরা দুইটা।😅
ham,আমি বললে তো বলত আপু বলসে।
ham,আমার মেয়ে বলতেসে কতগুলা আন্টি বলসে সামাহা তোমার মেয়ে কি ধরতেসে দেখো। বেড়াতে গেলে কিছু ধরলে এরকম বলে কেউ
ham,আমি তোদের ছবি দেখার জন্য বসে ছিলাম সেই বিকেল থেকে।।। দেখে শান্তি লাগতেছে।🥰  চট্টগ্রামে থাকলে মিস হতো না আমার।
ham,এমনে রেজাল্ট খারাপ করলে বকা দিসে।কেন লিখতে পারি নাই?!বা ভুল কেন করসি এটা জিজ্ঞাসা করসে।কিন্তু ওমুক এত নাম্বার পাইসে।তুমি কেন ওমুকের মত নাম্বার আনতে পার নাই এটা বলে নাই।এতটুকু শিখাইসে যে আমার কম্পিটিটর আমি নিজে।অন্য কেউ না।হয় আমি আমাকে জিতাবো নাহয় আমি আমাকে হারায় দিব।হার জিত দুইটাই আমার হবে।অন্য কারো হবে না।'
ham,"নানু, আর আসমার মা উনি করতেসে যে..."
ham,"পুরা ঘর টা বুঝছেন...একদম ডাস্টবিন হই গেসে...
আজকে এক দফা করসে পরিষ্কার.. কালকে আবার করবে"
ham,আজ পৃথিবীর সবচেয়ে সুখী মানুষ মনে হচ্ছে আমাকে ।তার জন্য আল্লাহর কাছে শুকরিয়া ।
spam,আজ শেষ দিন! দারাজ অ্যাপ থেকে কেনাকাটা করলে পাবেন ১০% ডিস্কাউন্ট।
spam,রিভিউ শেয়ার করে জিতুন আকর্ষণীয় গিফট 
spam,আপনি কি ভুলে গেছেন আমাদের! দারাজ অ্যাপ থেকে কেনাকাটা করলে পাবেন ১০% ডিস্কাউন্ট। তাড়াতাড়ি লুফে নিন! আমরা আছি আপনার অপেক্ষায়। 
spam,stylish কামিজ কিনুন একদম সাশ্রয়ী দামে। পছন্দের পণ্য কিনতে হবে এই অফারেই।
spam,জলদি জলদি অর্ডার করুন পছন্দের জুতা স্টকে থাকতেই
spam,যখন আছেন budget deal এর সাথে অর্ডার করে ফেলুন আপনার পছন্দের পণ্যগুলো 
spam,স্টক সীমিত। তাড়াতাড়ি অর্ডার করুন আপনার পছন্দের জামা।
spam,and free shipping এই অফারেই কিনে নিন পছন্দের সব পণ্য
spam,stylish জুতা কিনে নিন একদম সাশ্রয়ী দামে
spam,সময় থাকতেই পছন্দের জিনিস কিনে নিন। এমন অফার কিন্তু বার বার আসে না।
spam,দেরি না করে জলদি জলদি লুফে নিন
ham,বিবাহিত জীবন সুখের হোক
ham,আলহামদুলিল্লাহ
ham,২০২৩ বিশ্বকাপ এর সর্বোচ্চ রান স্কোরার তামিম হবে ইনশা আল্লাহ
ham,"বিশ্বাস করেন আর না করেন,বাচ্চা লালন পালনের ক্ষেত্রে মার চাইতে মাসিদের দরদ বেশী থাকে।"
ham,50k টাকা ইনভেস্ট করে কি বিজনেস করা যায়? সবার মতামত যানতে যাচ্ছি। যেখানে আমার লাভ কম হলেও লস হবে না।
ham,কম পুঁজিতে টাকা ইনকাম করার কিছু কৌশল এবং রিস্ক আপনাকে নিতে হবে।
ham,বিজনেস এ লাভ লোকসান হবেই এইটা মেনে নিয়েই বিজনেস এ আসতে হবে
ham,"যেহেতু অলরেডি অনলাইন বিজনেস করছেন ই টাকাগুলা জমা রাখেন,একটা মিনিমাম এমাউন্ট করার জন্য।এরপর আপনি যে সেক্টরে অনলাইন বিজনেস রান করছেন ওটা অফলাইনে আউটলেট দিতে পারবেন।"
ham,আমিও জানতে চাই।আমার বেবিরা এখনো ফিডারেই জল খাচ্ছে।কিভাবে এটা বন্ধ করবো বুঝতে পারছিনা
ham,ভালো উদ্যোগ।
ham,গরুর গোশত খেতে ইচ্ছে করছে
ham,তামিমের অবসর ঘোষণার সাথে করুণ হিন্দি গানের তিন লাইন ব্যাকগ্রাউন্ড মিউজিক হিসেবে দেয়া ভিডিওগুলো কী রেডি হইছে!
ham,"স্কুল, কলেজে এমন কয়েক হাজার পডকাস্ট করে ফেলেছি
~ আত্মসমর্পণ"
ham,মা ছাড়া কেউ কোনও দিন কয়নাই - কী খাবি? কী রানবো?
ham,"টাকা লাগবে?  মা রে ফোন। জুতা ছিঁড়ে গেছে?  মা রে ফোন। মন খারাপ? মা রে ফোন। মেজাজ খারাপ? মা রে ফোন। চশমা হারায় গেছে?  মা রে ফোন।  আমার মাঝে মাঝে মনে হয় আল্লা তো স্বরূপে দুনিয়ায় বিরাজ করেনা, তাই আমার জগতে তার হয়ে আমার মা রে পাঠাইছে।"
ham,আর কতোদিন ঝুলে থাকবে? সর্বোচ্চ টেস্ট খেলতে পারতো এই ফিটনেস নিয়ে
ham,"ভালোবেসে, সখী, নিভৃতে যতনে
আমার নামটি লিখো-- তোমার
মনের মন্দিরে।"
ham,"জনগণের সাথে এভাবে দেমাগ দেখিয়ে,বাজেভাবে আচরণ করতেও বাধেনা তাদের। কে কি করবে তাকে??? সেই ক্ষমতা আছে কারো????????"
ham,স্মার্ট কার্ড রেডি হয়ে আছে বিগত ৫ বছর আগে অথচ আজকে আনতে গেলে বলে আগামী সপ্তাহে আসেন??
ham,খূঁজে বের করতে অনেক সময় লাগে??
spam,আপনি জিতেছেন এক লক্ষ টাকার লটারি 
spam,অর্ডার করুন জলদি জলদি। আপনি পাবেন ৫০০ কয়েন অর্ডার করলেই
spam,যত জলদি রেজিষ্ট্রেশন তত জলদি অফার
spam,খরচ হবে বাজেটের মধ্যেই। এমন অফার কি মিস করা যায়?
spam,নিজের যত্ন নিন। স্কিনকেয়ার পণ্য কিনুন বাজেটের মধ্যেই। 
spam,আড়ং এ চলছে আকর্ষণীয় অফার। তারিখের মধ্যে কেনাকাটা করে পান ২০% পর্যন্ত ফ্ল্যাট ডিস্কাউন্ট
ham,বাচ্চার ব্যবহৃত কাঁথার ব্যবহার শেষ হয়ে গেলে সেগুলো কি করেন বা কিভাবে Recycle করা যায়
spam,lotto তে চলছে 50% পর্যন্ত ফ্ল্যাট ডিস্কাউন্ট। বিস্তারিত জানতে আজই ভিজিট করুন
spam,"ঢাকা গাউন্ডসেল এ স্বাগতম, আপনি জেনে আনন্দিত হবেন আমরা বাȁায় নতুন শো-রুম খুলেছি। এলখােন আপনারা
পাচ্ছেন 75% পযর্ন্ত ছাড়। আজই ঘুরে আসুন আমােদর শোরুম থেকে । "
ham,"বর বলেছে, ""পাহাড়ের রাণী """
ham,"আজ ১০টি বছর, পাপা তুমি নেই।"
ham,এভাবে কি স্মার্ট বাংলাদেশের স্বপ্ন দেখা সম্ভব
ham,"আল্লাহ আমার ভাই সহ সকল মুদ্দারকে জান্নাতবাসী করেন,আমিন।"
ham,বাংলাদেশ ক্রিকেটের এক কিংবদন্তির বিদায়
ham,"আমি মেঘ ছুড়ে দেই তোমারও আকাশে,,"
ham,বুঝে নিও তুমি এই আমাকে ..
ham,মাহমুদউল্লাহ ভাই আপনিও একটা সংবাদ সম্মেলনের ডাক দিয়া হাল্কা কান্নাকাটি করে ফেলেন।
ham,কাজে দিয়া দিতেও পারে। তিনি আবার কারো কান্না সহ্য করতে পারেন না!
ham,"""তাকওয়ার অধিকারী লোকদের ধন-সম্পদের মালিক হওয়াতে কোনো দোষ নেই।"""
ham,#NAME?
ham,স্রষ্টার সৃষ্টি কত সুন্দর । প্রশংসা একমাত্র তারই।
ham,ইদ মোবারক
ham,"আপেল, মাল্টা বাড়িতে রেখে দিলে ৩-৪ মাসেও কেন কিছু হয়না? বিস্তারিতঃ- কিন্তু বাংলাদেশ কৃষি গবেষণা কাউন্সিলের পরিচালক কৃষিবিজ্ঞানী ড. মোহাম্মদ মনিরুল ইসলাম ডয়চে ভেলেকে বলেন, ‘‘ওই সিদ্ধান্ত ভুল ছিল৷ ফল-মূল এবং শাক-সবজি ফরমালিন দিয়ে সংরক্ষণ করা যায় না৷ আর সংরক্ষণের কোনো প্রমাণও পাওয়া যায়নি, যা হয়েছে তা ভ্রান্তি ছাড়া আর কিছুই নয়৷'' তিনি বলেন, ‘‘ফল মূল, শাক-সবজি এগুলো হলো ফাইবার৷ এখানে ফরমালিন দেয়ার কোনো সুযোগই নেই৷ কেউ যদি না বুঝে দেয়ও, তাহলেও কোনো কাজে আসবে না৷ সংরক্ষণে কোনো ভূমিকা রাখবে না৷ কারণ, এখানে কোনো প্রোটিন নেই৷ আমাদের দেশের মানুষের মধ্যে ব্যাপকভাবে ধারণা যে, ফল-মূল, শাক-সবজিতে ফরমালিন দেয়া হয়৷ এটা দুর্ভাগ্যজনক৷'' তিনি বলেন, ‘‘আমদানি করা আপেলে এক ধরনের এডিবল প্যারাফিন দেয়া হয়৷ এটা খাওয়ার যোগ্য৷ আমরা আপেল খাওয়ার পর এটা আবার একইভাবে বেরিয়ে আসবে৷ ফল-মূলে ৪০ ভাগ পানি থাকে৷ প্রতিদিন ওজন কমে ৫ থেকে ১০ গ্রাম৷ এখন একটি আপেলের প্রতিদিন যদি ৫ গ্রাম ওজন কমে তাহলে নিউজিল্যান্ড, অস্ট্রেলিয়া, ব্রাজিল থেকে আপেল আসতে সময় লাগে ২১ দিন, আসতে আসতেই হাড্ডিসার হয়ে যাবে৷ কেউ কিনবে না৷ আপনি-আমি যে আপেল খাই, অ্যামেরিকার প্রেসিডেন্ট ট্রাম্পও সেই একই আপেল খান৷ বিদেশে গেলে একটা আপেল, একটা মাল্টা নিয়ে আসবেন, দেড় বছরে কিছু হবে না৷ এটা হলো সায়েন্স৷ এটা এডিবল প্যারাফিন দিয়ে করা হয়৷ এখন ফলের খোসা দিয়ে কোটিং তৈরি করা হয়৷ আবার স্টিকার বের হয়েছে, যা ফলের ওপরে লাগানো থাকে, ওই রকম স্টিকার, যা দিয়ে আমের লাইফ দুই সপ্তাহ বাড়ানো যায়৷ এখানে বিভ্রান্ত হওয়ার কোনো সুযোগ নেই৷''"
ham,আমি জানিনা
ham,"রাস্তার মেয়ে নাকি তোরা,,, জলদি চলে আসো"
ham,জাস্ট ৪ টায় বলে বলে এখনো কেউ যদি আসতো!!!!
ham,আয় তোরা
ham,আমি ফিনলে তে আছি
ham,আমি সবার আগে আসছি
ham,জলদি চলে আসো
ham,এই পেট পেট বৃষ্টিতে কি করতাম
ham,আমি বের হচ্ছি
ham,আসতেছিস তোরা?
ham,ইন শা আল্লাহ
ham,"তাহলে রাতে যাইতে পারবা,সাহসী আছে"
ham,হালিয়ার হতা হইদ্দে
ham,বিকেলে চলে যাইও
ham,"তোমরা এতগুলা কথা বললে,,,, ,,,,,একটা মেসেজ পিন পোস্ট করে রাখো,,,, যাতে আমরা সেটা দেখে আগাইতে পারি"
ham,"আমি বলি শোন,তোমরা গরমে বের হও মানে শনিবার সকালে"
ham,এরপর কেচ্ছু বললে মাইর খাবি
ham,যা তোদের জ্বালায় ডিপি চেইঞ্জ করলাম
ham,আমি কি ডিপি দিছিলাম সেটাই তো মনে নাই
ham,প্লেস ঠিক করছস?
ham,আমি তো বিকেলে পারবো যে
ham,"তোমরা তো হিংসুক বান্ধুবি সব গুলা,,,,নাইলে এতোদিন কি আমি সুন্দর না হই থাকতাম?! তোমরা মেরিন সিটি মেগা শপিং কমপ্লেক্স থেকে লুকিয়ে লুকিয়ে সব কিনে কিনে মাখো আর সুন্দর হও,,,আমারে কিচ্ছু জানাও না হুহ,,,"
ham,"তোমরা কেউ আমার ভালো দেখতে চাও না,,, কেউ না,, কেউ না"
ham,"ভার্সিটির শুরুতেও ছিলাম।এরপর আমার জীবনে ২য় প্রেমের ঢেউ আসলো,,, আর আমি আবার চদর ভদর হয়ে গেলাম"
ham,"নিজেরা এই কয়দিন একটু প্র‍্যাকটিস করছ বলে আমাদের চোখে দেখতেছ না আর কি,,,"
ham,"মানুষের দুর্বল জায়গায় আঘাত করা ঠিক না,,,"
ham,যা রিলাক্স কর তীরা
ham,ডাইরেক্ট একশন তাইলে
ham,"আগে জামাই বললেই আমাদের কতো বকা,,"
ham,নিজে এখন সেই সংসার করতেছে
ham,"চোখবন্ধ তুশিপু, পানি মুখে মাইশা, আরহান বাবু"
ham,কয উনি প্রাইম মিনিস্টার। দেশ চালাইতে হবে
ham,সবাইকে পবিত্র ইদ-উল-আযহার শুভেচ্ছা
ham,আলহামদুলিল্লাহ শ্বশুর বাড়িতে প্রথম ঈদ
ham,সুন্দরবনের মধু কোনটা?
ham,জিনি ঐটা থাকে তোর ভাইয়ের কাছে?
ham,কাশির জন্য সরিষাটা ভালো না?
ham,মেয়ের জ্বর
ham,সাবলীলভাবে করে নাই।কেমন জানি মেকি একটা ভাব আছে।
ham,কোনটা নিতাম বল
ham,তাও তো ভাই করসে।আমরা তো গাধুনিগুলা ওই জায়গায় যাইতেও পারব না।
ham,চিল মার।ব্যাংকে ওয়াক ইন কাস্টমার আসে না?!ওদেরকে বলবি।এর বেশি আর কি করতে পারস?!
ham,অামিতো সরিষাটা অর্ডার দিছি।
ham,এপ্লাইড ফিজিক্সের
ham,এটা যুগ যুগ ধরে নিয়ম চলে আসতেসে।
ham,গিয়ে ব্যাগ রাখি।ফ্রশ হই।সবার সাথে গল্প করি।চা খাই।তারপর আস্তে-ধীরে কাজ শুরু করি।
ham,লম্বা করে ছেলেটা
ham,উত্তরা ব্যাংকের নিয়ম হইল বরিবার ৯ টার ভিতর ব্যাংকে ঢুকা লাগে।বরিবার আমাদের সান্ডে মিটিং থাকে।
ham,একদম ভালো কাজ করসোস।
ham,ওই রিফাদের সাথে ফিজিক্স অলিম্পিয়াডে খাতা কাটতো যে
ham,এই ছেলেটা আনফ্রেন্ড করে দিসিল।এখন এড পাঠাইসে।এক্সেপ্ট করে আইডিতে এক্সেস দিয়ে একটা সারপ্রাইজ দিব?!
ham,তোরটা আমারও মনে থাকে না।
ham,কই গেসিল ছেলেটা?
ham,কি দিয়ে বানাইছোস?
ham,"দেশের বাহিরে যারা যায় সবাই তো এরকম পড়ে।পুজা,চন্দ্রিমা এগুলারে দেখস নাই?!"
ham,তোরটা আমারও মনে থাকে না।
ham,খাতুনগঞ্জে ৯ টা ৯:৩০ থেকে কাস্টমার আসা শুরু করে যে রাতের ৭ টা ৮ টায়ও আসে।পারে না ব্যাংকেই থেকে যায়।
ham,আমার পার্সেল আসছে না?!আমাকে বলতেসে যে এত্ত জামা কাপড় না কিনে আমাদেরকে খাওয়াইয়েন।সওয়াব পাবেন।আমি বলসি যে স্যার এত্ত সওয়াব দিয়ে আমি কি করব?!আপ্নারাও কিছু সওয়াব কামাই করেন।নাহয় মৃত্যুর পর দেখবেন আমি নাচতে নাচতে জান্নাতে ঢুকতেসি।আর আপ্নারা জান্নাতের দরজা ধরে দাঁড়ায় দাঁড়ায় কান্না করবেন।
ham,আমার টাকা দিয়ে আমি কি করব না করব তা নিয়ে মানুষের এত্ত আগ্রহ
ham,লিটল চিকন এগুলার বিয়েতেও তো যাই নাই।কিন্তু এগুলার যে বিয়ে হইসে ওটা মনে থাকে।
ham,আমি বলার পর বেটা পুরা চুপ
ham,আমি বলসি যে স্যার আপনি কি কি করেন এত্ত টাকা দিয়ে আমাকে একটু বলেন।আমিও ওগুলা করব আরকি।
ham,তোকে স্যালারি নিয়ে এক বেটা বলসিল না যে এত্ত টাকা দিয়ে কি করবি?
ham,মাকসুদ হয়তবা এখন ওর বউকে খুব প্রাউড ফিল করে বলে যে ভার্সিটি থাকতে ক্লাসের ২ টা মেয়ে ওকে অনেক ডিস্টার্ব করসিল।
ham,আমিও ঢিলার মত কথা বলতেসি
ham,ও আচ্ছা হ্যা ঠিকাসে তো
ham,তোদের ব্যাংক অনেক জোস তো
ham,মাকসুদ কিন্তু আমাদের এগুলাতে মনে মনে অনেক খুশি হইত।
ham, দেখ না কি পরিমাণ হাস্যকর লেভেলের উপস্থাপনা করস
ham,এখন আমাদেরকে পাত্তা দিবে না
ham,মনে হয় তোর ম্যানেজার তোর এই ছুটিটা PD কে জানায় নাই।সেজন্য অফিশিয়ালি তোর সবকিছু বাকিদের মতো চলতেসে
ham,"এই লোকটা কোন স্টুডেন্টের মোবাইল টিপতেসে আল্লায় জানে।
"
ham,শুন জিবি ইনচার্জ তেমন রিস্কি কাজ না।ক্যাশ ইনচার্জ হইলে ভয় পাওয়ার কথা ছিল।জিবিতে জাস্ট কাজের প্রেশার বেশি।কাজ শেষ হইতে চায় না জিবির।
ham,একবার সে আমার স্ট্যাটিস্টিক্স খাতা চাইসিল। এটাকে বলসিলাম আমাদেরকে ফেইসবুকে এড দিলে আমরা খাতা দিব।নাহয় দিব না।কি বেয়াদ্দপ ছিলাম আমরা ২ টা।
ham,Bank Company Act আছে না?!যে কোনো ব্যাংক চাইলেই নিজের মত করে আইন বানায় চলতে পারে না।
ham,আর বাংলাদেশ ব্যাংক আছে না?!এই কাজ করলে বাংলাদেশ ব্যাংক থেকেই তো ছ্যাচা খাবে একটা।
ham,ওই শ্রাবন্তী কই থাকে কি করে কেউ জানস?!
ham,এগুলা যদি জানিতে পারে আমাদেরকে কি ভাববে ভেবে দেখ।
ham,তোরা এত্ত নেগেটিভলি কেন নিচ্ছস ব্যাপারটা?ও দেশের বাজারকে বিদেশে উপস্থাপন করতেসে।
ham, ওদের সব কিছু তো ফেইসবুকে দেয়। একটা দেয় না মনে হয়
ham,হ্যা।বোনাস গুলা জাস্ট বেসিক স্যালারিটা দেয়।
ham,আমাদের সাথে হেড অফিসে সফটওয়্যার ডিপার্টমেন্ট বা আইটি ডিপার্টমেন্টে যারা আছে ওরা যেই আফসোস করে।যখন দেখে আমরা বিল নিচ্ছি।
ham,আরেহ নাহ।এত্তটাও সেস্রা হয় না কোনো প্রতিষ্ঠান।
ham,আর কনফারমেশনের পরে গ্রেড চেইঞ্জ হয়ে স্যালারি বাড়ে
ham,অনেক ব্যাংকে গ্রেড চেইঞ্জ হয় না।জাস্ট স্যালারি বাড়ে
ham,কিন্তু কোনো প্রতিষ্ঠানেই শুধু বেসিক স্যালারি দাওয়ার কোনো নিয়ম নাই।সেটা হোক প্রবিশন পিরিওডে।
ham,"কোনো ব্যাংকেই প্রবিশনে শুধু বেসিক স্যালারি দেয় না।বেসিকের সাথে মেডিকেল এলাউয়েন্স,হোম রেন্ট ব্লা ব্লা সব যোগ হয়।"
ham,শুধু বেসিক দাওয়ার নিয়মই নাই।
ham,ওবুক পেয়েও গেসোস?!আমাদের এটা নিয়ে আজকে মাত্র মিটিং করসে।কালকে বা পরশু দিতে পারে।
ham,শুন না।আজকে বিকালে নাকি আমাদের ব্যাংকের ম্যানেজমেন্ট ফুটবল বোনাসের সার্কুলার নিয়ে মিটিং করসে।
ham,ও আচ্ছা।উত্তরাতে মনে হয় দেখলাম যেই বছরের প্রফিট বোনাস ওই বছর ৬ মাস সার্ভিসে থাকা লাগবে।তাহলে পাবে।
ham,তোদেরটার কোনো খবর পাইসোস এখনো?!
ham,ওই আমার পার্সেল আজকে দিবে।তুই কি বিকাশ আজকে করতে পারবি?!নাহয় আমার অন্য কারো থেকে ম্যানেজ করা লাগবে।
ham,তোরা পাস নাই?
ham,তুই ব্যাংকে জয়েন করসোস কবে?!পাস নাই কেন?!
ham,তোদের নারায়নগঞ্জে যেই জোস জোস কাপড় বিক্রি করে।তাও যেই কম দামে।তুই তো বাড়িতে গেলেও একসাথে অনেকগুলা কিনতে পারস।
ham,এই বোনাস গুলা পাইলেও তো কাজে দিত এখন।
ham,সার্ভিসের ৬ মাস হইলেই তো পায়
ham,অনেকগুলা দোকান আছে খুচরা বিক্রি করে
ham,কোন কোন ব্যাংকে দিসে জানস?!
ham,শুনসি তো দিবে।এখনো তো কোনো সাড়াশব্দ নাই।তোদেরকে দেয় নাই এখনো?!
ham,নারায়নগঞ্জের একটা মেয়ে ব্লগার আছে।ওর ভিডিওতে আমি দেখি।৩০০ টাকা থেকে শুরু থ্রিপিসের দাম।মোটামুটি ৫০০ টাকা হইলে যেই জোস জোস সুতির থ্রিপিস।
ham,IFIC র MD নাকি বুলশিট বলে কাগজ বাতাসে উড়ায় দিসে।
ham,ঢাকা থেকে নেস কেন তুই?!
ham,৪ টা দিসে যে ওটা মনে হয় প্রফিট বোনাস দিসে।
ham,আমি বৃহস্পতিবার সেকেন্ড স্যারকে বলতেসিলাম যে ব্যাংকারদের কপাল হইল কাজ করে কোটি কোটি টাকা নিয়ে।অথচ নিজেরা ফকির।
ham,মানুষের মনে হয় ধারণা যে ব্যাংকে যারা জব করে ব্যাংকের সব টাকা পয়সা তাদের।
ham,ব্যাংকে জব করস তাও তোর টাকা ধার নেওয়া লাগে
ham,আমি যেই পেইজে অর্ডার দিসি ওই পেইজ থেকে আগেও ড্রেস নিসিলাম।খারাপ হয় নাই।তাই এবারও সাহস করে অর্ডার দিসি।আর আমার পায়ে ব্যাথা পাইসি।হাটতে কষ্ট হয়।তাই এবার মার্কেটেও যাইতে ইচ্ছা করতেসে না।
ham,ধুরো।আর হিসাব করতে পারব না।যা পাই তুই হিসাব করে আমাকে npsb করে দে।
ham,হায়রে ঢং
ham,বেইজ্জত করতে বলি নাই তো।এগুলা পুরা হাস্যকর বানায় ফেলসে এটাকে।আমার এই জিনিসটা অনেক ভয় লাগে কেমন কষ্ট হবে আমার।
ham,কত্তগুলা টাকা চলে আসছে।২ টা জামাতেই আমার সাড়ে ছয় হাজারের উপর কস্টিং চলে আসছে।আরো কুরিয়ার চার্জ।
ham,আমার টাকা পয়সা দিবি না?!অনলাইনে ঈদের জামা কাপড় অর্ডার দিয়ে বসে আছি।টাকা শর্ট পড়সে।
ham,আমি অর্ডার দিয়ে ফেলসি তো।পেমেন্ট হচ্ছে ক্যাশ অন ডেলিভারি।আমি টাকা ধার করসি।আম্মু থেকে করসি।আমার একাউন্টে কিছু ছিল।আর তুই দিবি যে ওগুলা।পারলে তুইও কিছু ধার দে।
ham,যেই সুন্দর জামাগুলা।আমি লোভ সামলায় একটা অর্ডার করলে পারতাম।
ham,তাইলে কোল্ড কফি ২৮০?!
ham,প্রথমবার বেটা আমাকে ২০ টাকার নোট একটা আর ১০ টাকার নোট একটা দিসিল।পরেরবার বিল দিতে গিয়ে আমি ৫০ টাকার নোট কতগুলার সাথে ওগুলা আবার বেটাকে দিয়ে দিসি।
ham,প্রথমবার বিল কত দিসিলাম?!
ham,ক্যাপাচিনো ২ শ কত করে জানি ছিল
ham,প্রথমবার বিল কত দিসিলাম এটা বল
ham,তারপরে আবার কেটুর জন্য কোল্ড কফি দিসি ২৭০ টাকা।এটা মনে আছে খালি।
ham,ভাংতি কত টাকা ওটা মনে পড়তেসে না।
ham,হিসাব ভুল হচ্ছে।প্রথমবারেই তো ১৩ শ কত টাকা বিল দিসি।
ham,৭৫০ ক্যাম্নে?!
ham,নিয়ে আসিও আজকে
ham,আর না হয় শনিবার আমার অফ তখন দিয়ে আসলাম
ham,প্রথমবার বিল কত দিসিলাম?!
ham,আসসালামুয়ালাইকুম
ham,চকবাজার আসা হয়?
ham,তাহিয়া চকবাজার যায় কোচিং
ham,কোথা থেকে
ham,এখন তো মাগরিবের নামাজ শেষ হতে হতে হতে ৭টা বাজে
ham,সন্ধ্যায় শুরু করবে বললো
ham,স্কুল থেকে ছুটি নিলাম
ham,"আমি ভাবতেছি কি করবো।যা বৃষ্টি, রোডে পানি"
ham,ওই ৮টায় শেষ করে দিবে
ham,আসসালামুয়ালাইকুম আগামীকাল তানির অনুষ্ঠানে কখন যাবি?
ham,কোন রকম দিলাম। এতদূর জার্নি করে আমি ক্লান্ত হয়ে পড়তাম।
ham,মাশাল্লাহ। মা আর কি পড়বে।এবার তার পালা
ham,তুমি রেডি থাকিও
ham,তোর কেমন হলো?
ham,আমি আর জাকু ১১টা করে যাবো।তোর সুবিধা হলে তুই আয়
ham,সকালে যেতে পারবি সেদিন?
ham,"সোমবার তানির বাসায় যাবো আমরা(জাকু,মারজু,আমি)প্রমিকেও বলবো"
ham,"ও, তুমি তো চট্টগ্রাম"
ham,"আচ্ছা, ওয়েট"
spam,বাংলাদেশ সেনাবাহিনীতে কমিশন অফিসার হিসাবে ৯১তম বিএমএ দীর্ঘমেয়াদী কোর্সে যোগ দিন। ২৪ এপ্রিল ২০২৩ তারিখের মধ্যে অনলাইনে আবেদন করুন বিস্তারিতঃ https://joinbangladesharmy.army.mil.bd
spam,"Lotto প্রিমিয়াম কোয়ালিটি লোফার সুজ, দারাজে এখন ৫৭% ডিস্কাউন্টে ডেলিভারি চার্জসহ মাত্র ৩১২টাকায়, অর্ডার করার জন্য নিচের লিংকে ক্লিক করুন-👇"
spam,"আয়োজনের
প্রয়োজনে চালডাল!
আলু৳৩৯
পিঁয়াজ৳৫৫
কোডঃ7F
T&C
chdl.co/UehPRbKs"
